{
  "rasaURL": "http://rasa:5000",
  "uiLanguages": [{
    "text": "English",
    "value": "en"
  }],
  "ducklingURL": "http://duckling:8000",
  "intentClassifierPipeline": [],
  "entityClassifierPipeline": [],
  "defaultTimezone": "UTC",
  "defaultAgentLanguage": "en",
  "ducklingDimension": ["amount-of-money", "distance", "duration", "email", "number", "ordinal", "phone-number", "quantity", "temperature", "time", "url", "volume"],
  "uiLanguage": "en",
  "spacyPretrainedEntities": ["PERSON", "NORP", "FAC", "ORG", "GPE", "LOC", "PRODUCT", "EVENT", "WORK_OF_ART", "LAW", "LANGUAGE", "DATE", "TIME", "PERCENT", "MONEY", "QUANTITY", "ORDINAL", "CARDINAL"],
  "domainClassifierPipeline": [],
  "timezones": [],
  "agentLanguages": [{
    "text": "English",
    "value": "en"
  }, {
    "text": "French",
    "value": "fr"
  }, {
    "text": "German",
    "value": "de"
  }, {
    "text": "Portuguese",
    "value": "pt"
  }, {
    "text": "Spanish",
    "value": "es"
  }, {
    "text": "Arabic",
    "value": "ar"
  }, {
    "text": "Armenian",
    "value": "hy"
  }, {
    "text": "Basque",
    "value": "eu"
  }, {
    "text": "Bengali",
    "value": "bn"
  }, {
    "text": "Catala",
    "value": "ca"
  }, {
    "text": "Chinese",
    "value": "zh"
  }, {
    "text": "Czech",
    "value": "cs"
  }, {
    "text": "Danish",
    "value": "da"
  }, {
    "text": "Dutch",
    "value": "nl"
  }, {
    "text": "Farsi",
    "value": "fa"
  }, {
    "text": "Finnish",
    "value": "fi"
  }, {
    "text": "Galician",
    "value": "ga"
  }, {
    "text": "Greek",
    "value": "el"
  }, {
    "text": "Hindi",
    "value": "hi"
  }, {
    "text": "Hungarian",
    "value": "hu"
  }, {
    "text": "Indonesian",
    "value": "id"
  }, {
    "text": "Irish",
    "value": "ga"
  }, {
    "text": "Italian",
    "value": "it"
  }, {
    "text": "Japanese",
    "value": "ja"
  }, {
    "text": "Norwegian",
    "value": "no"
  }, {
    "text": "Romanian",
    "value": "ro"
  }, {
    "text": "Russian",
    "value": "ru"
  }, {
    "text": "Slovene",
    "value": "sl"
  }, {
    "text": "Swedish",
    "value": "sv"
  }, {
    "text": "Russian",
    "value": "ru"
  }, {
    "text": "Tagalog",
    "value": "tl"
  }, {
    "text": "Tamil",
    "value": "ta"
  }, {
    "text": "Thai",
    "value": "th"
  }, {
    "text": "Turkish",
    "value": "tr"
  }, {
    "text": "Ukrainian",
    "value": "uk"
  }
  ],
  "defaultAgentFallbackResponses": ["Sorry can you rephrase that?", "I'm still learning to speak with humans. What you mean?"]
}
